{
  "options": [
    {
      "enabled": false,
      "definition": {
        "id": "5d58cc01-7c75-450c-be18-a388ddb129ec"
      },
      "inputs": {
        "branchFilters": "[\"+refs/heads/*\"]",
        "additionalFields": "{}"
      }
    },
    {
      "enabled": false,
      "definition": {
        "id": "a9db38f9-9fdc-478c-b0f9-464221e58316"
      },
      "inputs": {
        "workItemType": "Task",
        "assignToRequestor": "true",
        "additionalFields": "{}"
      }
    }
  ],
  "variables": {
    "system.debug": {
      "value": "false",
      "allowOverride": true
    }
  },
  "properties": {},
  "tags": [],
  "_links": "{}",
  "buildNumberFormat": "1.0.$(Build.BuildId)",
  "jobAuthorizationScope": "project",
  "jobTimeoutInMinutes": 60,
  "jobCancelTimeoutInMinutes": 5,
  "badgeEnabled": true,
  "process": {
    "phases": [
      {
        "steps": [
          {
            "environment": {},
            "enabled": true,
            "continueOnError": false,
            "alwaysRun": false,
            "displayName": "Prepare analysis on SonarCloud",
            "timeoutInMinutes": 0,
            "retryCountOnTaskFailure": 0,
            "condition": "succeeded()",
            "task": {
              "id": "14d9cde6-c1da-4d55-aa01-2965cd301255",
              "versionSpec": "1.*",
              "definitionType": "task"
            },
            "inputs": {
              "SonarCloud": "31377f97-041c-4bde-8fd4-c86b39f28081",
              "organization": "zlweicoder",
              "scannerMode": "CLI",
              "configMode": "manual",
              "configFile": "sonar-project.properties",
              "cliProjectKey": "zlweicoder_dell0629",
              "projectKey": "",
              "cliProjectName": "",
              "projectName": "",
              "cliProjectVersion": "1.0",
              "projectVersion": "1.0",
              "cliSources": ".",
              "extraProperties": "# Additional properties that will be passed to the scanner, \n# Put one key=value per line, example:\n# sonar.exclusions=**/*.bin"
            }
          },
          {
            "environment": {},
            "enabled": true,
            "continueOnError": false,
            "alwaysRun": false,
            "displayName": "Run Code Analysis",
            "timeoutInMinutes": 0,
            "retryCountOnTaskFailure": 0,
            "condition": "succeeded()",
            "task": {
              "id": "ce096e50-6155-4de8-8800-4221aaeed4a1",
              "versionSpec": "1.*",
              "definitionType": "task"
            },
            "inputs": {
              "jdkversion": "JAVA_HOME_11_X64"
            }
          },
          {
            "environment": {},
            "enabled": true,
            "continueOnError": false,
            "alwaysRun": false,
            "displayName": "Publish Quality Gate Result",
            "timeoutInMinutes": 0,
            "retryCountOnTaskFailure": 0,
            "condition": "succeeded()",
            "task": {
              "id": "38b27399-a642-40af-bb7d-9971f69712e8",
              "versionSpec": "1.*",
              "definitionType": "task"
            },
            "inputs": {
              "pollingTimeoutSec": "300"
            }
          },
          {
            "environment": {},
            "enabled": true,
            "continueOnError": false,
            "alwaysRun": false,
            "displayName": "Build Image and Push",
            "timeoutInMinutes": 0,
            "retryCountOnTaskFailure": 0,
            "condition": "succeeded()",
            "task": {
              "id": "e28912f1-0114-4464-802a-a3a35437fd16",
              "versionSpec": "2.*",
              "definitionType": "task"
            },
            "inputs": {
              "containerRegistry": "f8132f28-811d-4f46-8fd9-a18e84bdcb37",
              "repository": "zlweicoder/djangoblog-sit",
              "command": "buildAndPush",
              "Dockerfile": "**/Dockerfile",
              "buildContext": "**",
              "tags": "$(Build.BuildNumber)",
              "arguments": "",
              "addPipelineData": "true",
              "addBaseImageData": "true",
              "container": ""
            }
          },
          {
            "environment": {},
            "enabled": true,
            "continueOnError": false,
            "alwaysRun": false,
            "displayName": "Replace tokens in **/*.yaml",
            "timeoutInMinutes": 0,
            "retryCountOnTaskFailure": 0,
            "condition": "succeeded()",
            "task": {
              "id": "a8515ec8-7254-4ffd-912c-86772e2b5962",
              "versionSpec": "5.*",
              "definitionType": "task"
            },
            "inputs": {
              "rootDirectory": "",
              "targetFiles": "**/*.yaml",
              "encoding": "auto",
              "tokenPattern": "default",
              "tokenPrefix": "#{",
              "tokenSuffix": "}#",
              "writeBOM": "true",
              "escapeType": "auto",
              "escapeChar": "",
              "charsToEscape": "",
              "verbosity": "normal",
              "actionOnMissing": "continue",
              "keepToken": "true",
              "actionOnNoFiles": "continue",
              "enableTransforms": "false",
              "transformPrefix": "(",
              "transformSuffix": ")",
              "variableFiles": "",
              "inlineVariables": "",
              "variableSeparator": ".",
              "enableRecursion": "false",
              "useLegacyPattern": "false",
              "useLegacyEmptyFeature": "true",
              "useDefaultValue": "false",
              "emptyValue": "(empty)",
              "defaultValue": "",
              "enableTelemetry": "true"
            }
          },
          {
            "environment": {},
            "enabled": true,
            "continueOnError": false,
            "alwaysRun": false,
            "displayName": "Copy yaml Files",
            "timeoutInMinutes": 0,
            "retryCountOnTaskFailure": 0,
            "condition": "succeeded()",
            "task": {
              "id": "5bfb729a-a7c8-4a78-a7c3-8d717bb7c13c",
              "versionSpec": "2.*",
              "definitionType": "task"
            },
            "inputs": {
              "SourceFolder": "$(build.sourcesdirectory)",
              "Contents": "**/*.yaml",
              "TargetFolder": "$(Build.ArtifactStagingDirectory)",
              "CleanTargetFolder": "false",
              "OverWrite": "false",
              "flattenFolders": "false",
              "preserveTimestamp": "false",
              "retryCount": "0",
              "delayBetweenRetries": "1000",
              "ignoreMakeDirErrors": "false"
            }
          },
          {
            "environment": {},
            "enabled": true,
            "continueOnError": false,
            "alwaysRun": false,
            "displayName": "Publish Artifact: drop",
            "timeoutInMinutes": 0,
            "retryCountOnTaskFailure": 0,
            "condition": "succeeded()",
            "task": {
              "id": "2ff763a7-ce83-4e1f-bc89-0ae63477cebe",
              "versionSpec": "1.*",
              "definitionType": "task"
            },
            "inputs": {
              "PathtoPublish": "$(Build.ArtifactStagingDirectory)",
              "ArtifactName": "drop",
              "ArtifactType": "Container",
              "MaxArtifactSize": "0",
              "TargetPath": "",
              "Parallel": "false",
              "ParallelCount": "8",
              "StoreAsTar": "false"
            }
          }
        ],
        "name": "Agent job",
        "refName": "Job_1",
        "condition": "succeeded()",
        "target": {
          "executionOptions": {
            "type": 0
          },
          "allowScriptsAuthAccessOption": false,
          "type": 1,
          "queue": "{}"
        },
        "jobAuthorizationScope": "project"
      }
    ],
    "target": {
      "agentSpecification": {
        "identifier": "ubuntu-latest"
      }
    },
    "type": 1
  },
  "repository": {
    "properties": {
      "cleanOptions": "0",
      "labelSources": "0",
      "labelSourcesFormat": "$(build.buildNumber)",
      "reportBuildStatus": "true",
      "fetchDepth": "1",
      "gitLfsSupport": "false",
      "skipSyncSource": "false",
      "checkoutNestedSubmodules": "false",
      "connectedServiceId": ""
    },
    "id": "$DjangoBlog$",
    "type": "TfsGit",
    "name": "DjangoBlog",
    "url": "",
    "defaultBranch": "refs/heads/main",
    "clean": "false",
    "checkoutSubmodules": false
  },
  "processParameters": {},
  "quality": "definition",
  "authoredBy": "{}",
  "drafts": [],
  "queue": {
    "_links": "{}",
    "id": "",
    "name": "Azure Pipelines",
    "url": "",
    "pool": {
      "id": "",
      "name": "Azure Pipelines",
      "isHosted": true
    }
  },
  "id": "",
  "name": "django-blog-CI",
  "url": "",
  "uri": "",
  "path": "\\",
  "type": "build",
  "queueStatus": "enabled",
  "revision": 19,
  "createdDate": "",
  "project": "{}"
}