{
  "source": "userInterface",
  "revision": 21,
  "description": null,
  "createdBy": "{}",
  "createdOn": "",
  "modifiedBy": "{}",
  "modifiedOn": "",
  "isDeleted": false,
  "lastRelease": {
    "id": 12,
    "name": "Release-12",
    "artifacts": [],
    "_links": {},
    "description": "",
    "releaseDefinition": {
      "id": 1,
      "projectReference": null,
      "_links": {}
    },
    "createdOn": "2023-06-29T14:00:29.643Z",
    "createdBy": {
      "displayName": "vincent wei",
      "url": "https://spsprodeus27.vssps.visualstudio.com/A9fa6a827-d811-4b7e-8296-d82c70c40817/_apis/Identities/dee60ffd-33e6-4d80-9bf3-74b3fc813bef",
      "_links": {
        "avatar": {
          "href": "https://dev.azure.com/zlweicoder/_apis/GraphProfile/MemberAvatars/msa.ZWFhMmM4NTMtOTczMi03OWE0LTljZmYtNjg4YWFiZTkxNDZj"
        }
      },
      "id": "dee60ffd-33e6-4d80-9bf3-74b3fc813bef",
      "uniqueName": "zlweicoder@outlook.com",
      "imageUrl": "https://dev.azure.com/zlweicoder/_apis/GraphProfile/MemberAvatars/msa.ZWFhMmM4NTMtOTczMi03OWE0LTljZmYtNjg4YWFiZTkxNDZj",
      "descriptor": "msa.ZWFhMmM4NTMtOTczMi03OWE0LTljZmYtNjg4YWFiZTkxNDZj"
    }
  },
  "variables": {},
  "variableGroups": [],
  "environments": [
    {
      "id": 1,
      "name": "SIT",
      "rank": 1,
      "owner": {
        "displayName": "$OwnerDisplayName$",
        "url": "",
        "_links": "{}",
        "id": "$OwnerId$",
        "uniqueName": "$OwnerUniqueName$",
        "imageUrl": "",
        "descriptor": ""
      },
      "variables": {
        "Stage": {
          "value": "sit"
        }
      },
      "variableGroups": [],
      "preDeployApprovals": {
        "approvals": [
          {
            "rank": 1,
            "isAutomated": true,
            "isNotificationOn": false,
            "id": 1
          }
        ],
        "approvalOptions": {
          "requiredApproverCount": null,
          "releaseCreatorCanBeApprover": false,
          "autoTriggeredAndPreviousEnvironmentApprovedCanBeSkipped": false,
          "enforceIdentityRevalidation": false,
          "timeoutInMinutes": 0,
          "executionOrder": "beforeGates"
        }
      },
      "deployStep": {
        "id": 10
      },
      "postDeployApprovals": {
        "approvals": [
          {
            "rank": 1,
            "isAutomated": true,
            "isNotificationOn": false,
            "id": 11
          }
        ],
        "approvalOptions": {
          "requiredApproverCount": null,
          "releaseCreatorCanBeApprover": false,
          "autoTriggeredAndPreviousEnvironmentApprovedCanBeSkipped": false,
          "enforceIdentityRevalidation": false,
          "timeoutInMinutes": 0,
          "executionOrder": "afterSuccessfulGates"
        }
      },
      "deployPhases": [
        {
          "deploymentInput": {
            "parallelExecution": {
              "parallelExecutionType": "none"
            },
            "agentSpecification": {
              "identifier": "ubuntu-latest"
            },
            "skipArtifactsDownload": false,
            "artifactsDownloadInput": {
              "downloadInputs": []
            },
            "queueId": "$Azure Pipelines$",
            "demands": [],
            "enableAccessToken": false,
            "timeoutInMinutes": 0,
            "jobCancelTimeoutInMinutes": 1,
            "condition": "succeeded()",
            "overrideInputs": {}
          },
          "rank": 1,
          "phaseType": "agentBasedDeployment",
          "name": "Agent job",
          "refName": null,
          "workflowTasks": [
            {
              "environment": {},
              "taskId": "a8515ec8-7254-4ffd-912c-86772e2b5962",
              "version": "5.*",
              "name": "Replace Stage in **/*.yaml",
              "refName": "",
              "enabled": true,
              "alwaysRun": false,
              "continueOnError": false,
              "timeoutInMinutes": 0,
              "retryCountOnTaskFailure": 0,
              "definitionType": "task",
              "overrideInputs": {},
              "condition": "succeeded()",
              "inputs": {
                "rootDirectory": "$(System.DefaultWorkingDirectory)/_django-blog-CI/drop",
                "targetFiles": "deployment.yaml",
                "encoding": "auto",
                "tokenPattern": "default",
                "tokenPrefix": "#{",
                "tokenSuffix": "}#",
                "writeBOM": "true",
                "escapeType": "auto",
                "escapeChar": "",
                "charsToEscape": "",
                "verbosity": "normal",
                "actionOnMissing": "warn",
                "keepToken": "false",
                "actionOnNoFiles": "continue",
                "enableTransforms": "false",
                "transformPrefix": "(",
                "transformSuffix": ")",
                "variableFiles": "",
                "inlineVariables": "",
                "variableSeparator": ".",
                "enableRecursion": "false",
                "useLegacyPattern": "false",
                "useLegacyEmptyFeature": "true",
                "useDefaultValue": "false",
                "emptyValue": "(empty)",
                "defaultValue": "",
                "enableTelemetry": "true"
              }
            },
            {
              "environment": {},
              "taskId": "6c731c3c-3c68-459a-a5c9-bde6e6595b5b",
              "version": "3.*",
              "name": "Print deployment.yaml",
              "refName": "",
              "enabled": true,
              "alwaysRun": false,
              "continueOnError": false,
              "timeoutInMinutes": 0,
              "retryCountOnTaskFailure": 0,
              "definitionType": "task",
              "overrideInputs": {},
              "condition": "succeeded()",
              "inputs": {
                "targetType": "inline",
                "filePath": "",
                "arguments": "",
                "script": "# Write your commands here\n\ncat deployment.yaml\n\n",
                "workingDirectory": "$(System.DefaultWorkingDirectory)/_django-blog-CI/drop",
                "failOnStderr": "false",
                "bashEnvValue": ""
              }
            },
            {
              "environment": {},
              "taskId": "dee316a2-586f-4def-be79-488a1f503dfe",
              "version": "1.*",
              "name": "Deploy SIT",
              "refName": "",
              "enabled": true,
              "alwaysRun": false,
              "continueOnError": false,
              "timeoutInMinutes": 0,
              "retryCountOnTaskFailure": 0,
              "definitionType": "task",
              "overrideInputs": {},
              "condition": "succeeded()",
              "inputs": {
                "action": "deploy",
                "connectionType": "kubernetesServiceConnection",
                "kubernetesServiceEndpoint": "",
                "azureSubscriptionEndpoint": "",
                "azureResourceGroup": "",
                "kubernetesCluster": "",
                "useClusterAdmin": "false",
                "namespace": "sit",
                "strategy": "none",
                "trafficSplitMethod": "pod",
                "percentage": "0",
                "baselineAndCanaryReplicas": "1",
                "manifests": "$(System.DefaultWorkingDirectory)/_django-blog-CI/drop/deployment.yaml",
                "containers": "",
                "imagePullSecrets": "",
                "renderType": "helm",
                "dockerComposeFile": "",
                "helmChart": "",
                "releaseName": "",
                "overrideFiles": "",
                "overrides": "",
                "kustomizationPath": "",
                "resourceToPatch": "file",
                "resourceFileToPatch": "",
                "kind": "",
                "name": "",
                "replicas": "",
                "mergeStrategy": "strategic",
                "arguments": "",
                "patch": "",
                "secretType": "dockerRegistry",
                "secretName": "",
                "secretArguments": "",
                "dockerRegistryEndpoint": "",
                "rolloutStatusTimeout": "0"
              }
            },
            {
              "environment": {},
              "taskId": "6c731c3c-3c68-459a-a5c9-bde6e6595b5b",
              "version": "3.*",
              "name": "SIT Automation Testing",
              "refName": "",
              "enabled": true,
              "alwaysRun": false,
              "continueOnError": false,
              "timeoutInMinutes": 0,
              "retryCountOnTaskFailure": 0,
              "definitionType": "task",
              "overrideInputs": {},
              "condition": "succeeded()",
              "inputs": {
                "targetType": "inline",
                "filePath": "",
                "arguments": "",
                "script": "# Write your commands here\n\necho 'Automation Test'\n",
                "workingDirectory": "",
                "failOnStderr": "false",
                "bashEnvValue": ""
              }
            }
          ]
        }
      ],
      "environmentOptions": {
        "emailNotificationType": "OnlyOnFailure",
        "emailRecipients": "release.environment.owner;release.creator",
        "skipArtifactsDownload": false,
        "timeoutInMinutes": 0,
        "enableAccessToken": false,
        "publishDeploymentStatus": true,
        "badgeEnabled": false,
        "autoLinkWorkItems": false,
        "pullRequestDeploymentEnabled": false
      },
      "demands": [],
      "conditions": [
        {
          "name": "ReleaseStarted",
          "conditionType": "event",
          "value": ""
        }
      ],
      "executionPolicy": {
        "concurrencyCount": 1,
        "queueDepthCount": 0
      },
      "schedules": [],
      "currentRelease": {
        "id": 12,
        "url": "https://vsrm.dev.azure.com/zlweicoder/07e4b1a0-b1cd-4d03-bc3e-770c1f26b4c0/_apis/Release/releases/12",
        "_links": {}
      },
      "retentionPolicy": {
        "daysToKeep": 30,
        "releasesToKeep": 3,
        "retainBuild": true
      },
      "processParameters": {},
      "properties": {
        "BoardsEnvironmentType": {
          "$type": "System.String",
          "$value": "unmapped"
        },
        "LinkBoardsWorkItems": {
          "$type": "System.String",
          "$value": "False"
        }
      },
      "preDeploymentGates": {
        "id": 0,
        "gatesOptions": null,
        "gates": []
      },
      "postDeploymentGates": {
        "id": 0,
        "gatesOptions": null,
        "gates": []
      },
      "environmentTriggers": [],
      "badgeUrl": ""
    },
    {
      "id": 2,
      "name": "Artifact Up to UAT",
      "rank": 2,
      "owner": {
        "displayName": "$OwnerDisplayName$",
        "url": "",
        "_links": "{}",
        "id": "$OwnerId$",
        "uniqueName": "$OwnerUniqueName$",
        "imageUrl": "",
        "descriptor": ""
      },
      "variables": {},
      "variableGroups": [],
      "preDeployApprovals": {
        "approvals": [
          {
            "rank": 1,
            "isAutomated": true,
            "isNotificationOn": false,
            "id": 2
          }
        ],
        "approvalOptions": {
          "requiredApproverCount": null,
          "releaseCreatorCanBeApprover": false,
          "autoTriggeredAndPreviousEnvironmentApprovedCanBeSkipped": false,
          "enforceIdentityRevalidation": false,
          "timeoutInMinutes": 0,
          "executionOrder": "beforeGates"
        }
      },
      "deployStep": {
        "id": 9
      },
      "postDeployApprovals": {
        "approvals": [
          {
            "rank": 1,
            "isAutomated": true,
            "isNotificationOn": false,
            "id": 12
          }
        ],
        "approvalOptions": {
          "requiredApproverCount": null,
          "releaseCreatorCanBeApprover": false,
          "autoTriggeredAndPreviousEnvironmentApprovedCanBeSkipped": false,
          "enforceIdentityRevalidation": false,
          "timeoutInMinutes": 0,
          "executionOrder": "afterSuccessfulGates"
        }
      },
      "deployPhases": [
        {
          "deploymentInput": {
            "parallelExecution": {
              "parallelExecutionType": "none"
            },
            "agentSpecification": {
              "identifier": "ubuntu-latest"
            },
            "skipArtifactsDownload": false,
            "artifactsDownloadInput": {
              "downloadInputs": []
            },
            "queueId": "$Azure Pipelines$",
            "demands": [],
            "enableAccessToken": false,
            "timeoutInMinutes": 0,
            "jobCancelTimeoutInMinutes": 1,
            "condition": "succeeded()",
            "overrideInputs": {}
          },
          "rank": 1,
          "phaseType": "agentBasedDeployment",
          "name": "Agent job",
          "refName": null,
          "workflowTasks": [
            {
              "environment": {},
              "taskId": "8e038650-f7bf-11e8-8a6c-8fff434b4eff",
              "version": "0.*",
              "name": "Install Docker 17.09.0-ce",
              "refName": "",
              "enabled": true,
              "alwaysRun": false,
              "continueOnError": false,
              "timeoutInMinutes": 0,
              "retryCountOnTaskFailure": 0,
              "definitionType": "task",
              "overrideInputs": {},
              "condition": "succeeded()",
              "inputs": {
                "dockerVersion": "17.09.0-ce",
                "releaseType": "stable"
              }
            },
            {
              "environment": {},
              "taskId": "6c731c3c-3c68-459a-a5c9-bde6e6595b5b",
              "version": "3.*",
              "name": "Docker Pull From SIT",
              "refName": "",
              "enabled": true,
              "alwaysRun": false,
              "continueOnError": false,
              "timeoutInMinutes": 0,
              "retryCountOnTaskFailure": 0,
              "definitionType": "task",
              "overrideInputs": {},
              "condition": "succeeded()",
              "inputs": {
                "targetType": "inline",
                "filePath": "",
                "arguments": "",
                "script": "docker pull zlweicoder/djangoblog-sit:$(Release.Artifacts._django-blog-CI.BuildNumber)",
                "workingDirectory": "",
                "failOnStderr": "false",
                "bashEnvValue": ""
              }
            },
            {
              "environment": {},
              "taskId": "6c731c3c-3c68-459a-a5c9-bde6e6595b5b",
              "version": "3.*",
              "name": "Docker Tag UAT",
              "refName": "",
              "enabled": true,
              "alwaysRun": false,
              "continueOnError": false,
              "timeoutInMinutes": 0,
              "retryCountOnTaskFailure": 0,
              "definitionType": "task",
              "overrideInputs": {},
              "condition": "succeeded()",
              "inputs": {
                "targetType": "inline",
                "filePath": "",
                "arguments": "",
                "script": "docker tag zlweicoder/djangoblog-sit:$(Release.Artifacts._django-blog-CI.BuildNumber) zlweicoder/djangoblog-uat:$(Release.Artifacts._django-blog-CI.BuildNumber)",
                "workingDirectory": "",
                "failOnStderr": "false",
                "bashEnvValue": ""
              }
            },
            {
              "environment": {},
              "taskId": "e28912f1-0114-4464-802a-a3a35437fd16",
              "version": "2.*",
              "name": "Docker Push to UAT",
              "refName": "",
              "enabled": true,
              "alwaysRun": false,
              "continueOnError": false,
              "timeoutInMinutes": 0,
              "retryCountOnTaskFailure": 0,
              "definitionType": "task",
              "overrideInputs": {},
              "condition": "succeeded()",
              "inputs": {
                "containerRegistry": "f8132f28-811d-4f46-8fd9-a18e84bdcb37",
                "repository": "zlweicoder/djangoblog-uat",
                "command": "push",
                "Dockerfile": "**/Dockerfile",
                "buildContext": "**",
                "tags": "$(Release.Artifacts._django-blog-CI.BuildNumber)",
                "arguments": "",
                "addPipelineData": "true",
                "addBaseImageData": "true",
                "container": ""
              }
            }
          ]
        }
      ],
      "environmentOptions": {
        "emailNotificationType": "OnlyOnFailure",
        "emailRecipients": "release.environment.owner;release.creator",
        "skipArtifactsDownload": false,
        "timeoutInMinutes": 0,
        "enableAccessToken": false,
        "publishDeploymentStatus": true,
        "badgeEnabled": false,
        "autoLinkWorkItems": false,
        "pullRequestDeploymentEnabled": false
      },
      "demands": [],
      "conditions": [
        {
          "name": "SIT",
          "conditionType": "environmentState",
          "value": "4"
        }
      ],
      "executionPolicy": {
        "concurrencyCount": 1,
        "queueDepthCount": 0
      },
      "schedules": [],
      "currentRelease": {
        "id": 12,
        "url": "https://vsrm.dev.azure.com/zlweicoder/07e4b1a0-b1cd-4d03-bc3e-770c1f26b4c0/_apis/Release/releases/12",
        "_links": {}
      },
      "retentionPolicy": {
        "daysToKeep": 30,
        "releasesToKeep": 3,
        "retainBuild": true
      },
      "processParameters": {},
      "properties": {
        "BoardsEnvironmentType": {
          "$type": "System.String",
          "$value": "unmapped"
        },
        "LinkBoardsWorkItems": {
          "$type": "System.String",
          "$value": "False"
        }
      },
      "preDeploymentGates": {
        "id": 0,
        "gatesOptions": null,
        "gates": []
      },
      "postDeploymentGates": {
        "id": 0,
        "gatesOptions": null,
        "gates": []
      },
      "environmentTriggers": [],
      "badgeUrl": ""
    },
    {
      "id": 3,
      "name": "UAT",
      "rank": 3,
      "owner": {
        "displayName": "$OwnerDisplayName$",
        "url": "",
        "_links": "{}",
        "id": "$OwnerId$",
        "uniqueName": "$OwnerUniqueName$",
        "imageUrl": "",
        "descriptor": ""
      },
      "variables": {
        "Stage": {
          "value": "uat"
        }
      },
      "variableGroups": [],
      "preDeployApprovals": {
        "approvals": [
          {
            "rank": 1,
            "isAutomated": false,
            "isNotificationOn": false,
            "approver": {
              "displayName": "vincent wei",
              "url": "https://spsprodeus27.vssps.visualstudio.com/A9fa6a827-d811-4b7e-8296-d82c70c40817/_apis/Identities/dee60ffd-33e6-4d80-9bf3-74b3fc813bef",
              "_links": {
                "avatar": {
                  "href": "https://dev.azure.com/zlweicoder/_apis/GraphProfile/MemberAvatars/msa.ZWFhMmM4NTMtOTczMi03OWE0LTljZmYtNjg4YWFiZTkxNDZj"
                }
              },
              "id": "dee60ffd-33e6-4d80-9bf3-74b3fc813bef",
              "uniqueName": "zlweicoder@outlook.com",
              "imageUrl": "https://dev.azure.com/zlweicoder/_apis/GraphProfile/MemberAvatars/msa.ZWFhMmM4NTMtOTczMi03OWE0LTljZmYtNjg4YWFiZTkxNDZj",
              "descriptor": "msa.ZWFhMmM4NTMtOTczMi03OWE0LTljZmYtNjg4YWFiZTkxNDZj"
            },
            "id": 16
          }
        ],
        "approvalOptions": {
          "requiredApproverCount": null,
          "releaseCreatorCanBeApprover": true,
          "autoTriggeredAndPreviousEnvironmentApprovedCanBeSkipped": false,
          "enforceIdentityRevalidation": false,
          "timeoutInMinutes": 0,
          "executionOrder": "beforeGates"
        }
      },
      "deployStep": {
        "id": 8
      },
      "postDeployApprovals": {
        "approvals": [
          {
            "rank": 1,
            "isAutomated": true,
            "isNotificationOn": false,
            "id": 13
          }
        ],
        "approvalOptions": {
          "requiredApproverCount": null,
          "releaseCreatorCanBeApprover": false,
          "autoTriggeredAndPreviousEnvironmentApprovedCanBeSkipped": false,
          "enforceIdentityRevalidation": false,
          "timeoutInMinutes": 0,
          "executionOrder": "afterSuccessfulGates"
        }
      },
      "deployPhases": [
        {
          "deploymentInput": {
            "parallelExecution": {
              "parallelExecutionType": "none"
            },
            "agentSpecification": {
              "identifier": "ubuntu latest"
            },
            "skipArtifactsDownload": false,
            "artifactsDownloadInput": {
              "downloadInputs": [
                {
                  "alias": "_django-blog-CI",
                  "artifactType": "Build",
                  "artifactDownloadMode": "All",
                  "artifactItems": []
                }
              ]
            },
            "queueId": "$Azure Pipelines$",
            "demands": [],
            "enableAccessToken": false,
            "timeoutInMinutes": 0,
            "jobCancelTimeoutInMinutes": 1,
            "condition": "succeeded()",
            "overrideInputs": {}
          },
          "rank": 1,
          "phaseType": "agentBasedDeployment",
          "name": "Agent job",
          "refName": null,
          "workflowTasks": [
            {
              "environment": {},
              "taskId": "a8515ec8-7254-4ffd-912c-86772e2b5962",
              "version": "5.*",
              "name": "Replace tokens in deployment.yaml",
              "refName": "",
              "enabled": true,
              "alwaysRun": false,
              "continueOnError": false,
              "timeoutInMinutes": 0,
              "retryCountOnTaskFailure": 0,
              "definitionType": "task",
              "overrideInputs": {},
              "condition": "succeeded()",
              "inputs": {
                "rootDirectory": "$(System.DefaultWorkingDirectory)/_django-blog-CI/drop",
                "targetFiles": "deployment.yaml",
                "encoding": "auto",
                "tokenPattern": "default",
                "tokenPrefix": "#{",
                "tokenSuffix": "}#",
                "writeBOM": "true",
                "escapeType": "auto",
                "escapeChar": "",
                "charsToEscape": "",
                "verbosity": "normal",
                "actionOnMissing": "warn",
                "keepToken": "true",
                "actionOnNoFiles": "continue",
                "enableTransforms": "false",
                "transformPrefix": "(",
                "transformSuffix": ")",
                "variableFiles": "",
                "inlineVariables": "",
                "variableSeparator": ".",
                "enableRecursion": "false",
                "useLegacyPattern": "false",
                "useLegacyEmptyFeature": "true",
                "useDefaultValue": "false",
                "emptyValue": "(empty)",
                "defaultValue": "",
                "enableTelemetry": "true"
              }
            },
            {
              "environment": {},
              "taskId": "6c731c3c-3c68-459a-a5c9-bde6e6595b5b",
              "version": "3.*",
              "name": "Print deployment.yaml",
              "refName": "",
              "enabled": true,
              "alwaysRun": false,
              "continueOnError": false,
              "timeoutInMinutes": 0,
              "retryCountOnTaskFailure": 0,
              "definitionType": "task",
              "overrideInputs": {},
              "condition": "succeeded()",
              "inputs": {
                "targetType": "inline",
                "filePath": "",
                "arguments": "",
                "script": "# Write your commands here\n\ncat deployment.yaml\n",
                "workingDirectory": "$(System.DefaultWorkingDirectory)/_django-blog-CI/drop",
                "failOnStderr": "false",
                "bashEnvValue": ""
              }
            },
            {
              "environment": {},
              "taskId": "dee316a2-586f-4def-be79-488a1f503dfe",
              "version": "1.*",
              "name": "Deploy UAT",
              "refName": "",
              "enabled": true,
              "alwaysRun": false,
              "continueOnError": false,
              "timeoutInMinutes": 0,
              "retryCountOnTaskFailure": 0,
              "definitionType": "task",
              "overrideInputs": {},
              "condition": "succeeded()",
              "inputs": {
                "action": "deploy",
                "connectionType": "kubernetesServiceConnection",
                "kubernetesServiceEndpoint": "",
                "azureSubscriptionEndpoint": "",
                "azureResourceGroup": "",
                "kubernetesCluster": "",
                "useClusterAdmin": "false",
                "namespace": "uat",
                "strategy": "none",
                "trafficSplitMethod": "pod",
                "percentage": "0",
                "baselineAndCanaryReplicas": "1",
                "manifests": "$(System.DefaultWorkingDirectory)/_django-blog-CI/drop/deployment.yaml",
                "containers": "",
                "imagePullSecrets": "",
                "renderType": "helm",
                "dockerComposeFile": "",
                "helmChart": "",
                "releaseName": "",
                "overrideFiles": "",
                "overrides": "",
                "kustomizationPath": "",
                "resourceToPatch": "file",
                "resourceFileToPatch": "",
                "kind": "",
                "name": "",
                "replicas": "",
                "mergeStrategy": "strategic",
                "arguments": "",
                "patch": "",
                "secretType": "dockerRegistry",
                "secretName": "",
                "secretArguments": "",
                "dockerRegistryEndpoint": "",
                "rolloutStatusTimeout": "0"
              }
            },
            {
              "environment": {},
              "taskId": "6c731c3c-3c68-459a-a5c9-bde6e6595b5b",
              "version": "3.*",
              "name": "UAT Automation Test",
              "refName": "",
              "enabled": true,
              "alwaysRun": false,
              "continueOnError": false,
              "timeoutInMinutes": 0,
              "retryCountOnTaskFailure": 0,
              "definitionType": "task",
              "overrideInputs": {},
              "condition": "succeeded()",
              "inputs": {
                "targetType": "inline",
                "filePath": "",
                "arguments": "",
                "script": "# Write your commands here\n\necho 'UI Testing'\n",
                "workingDirectory": "",
                "failOnStderr": "false",
                "bashEnvValue": ""
              }
            }
          ]
        }
      ],
      "environmentOptions": {
        "emailNotificationType": "OnlyOnFailure",
        "emailRecipients": "release.environment.owner;release.creator",
        "skipArtifactsDownload": false,
        "timeoutInMinutes": 0,
        "enableAccessToken": false,
        "publishDeploymentStatus": true,
        "badgeEnabled": false,
        "autoLinkWorkItems": false,
        "pullRequestDeploymentEnabled": false
      },
      "demands": [],
      "conditions": [
        {
          "name": "Artifact Up to UAT",
          "conditionType": "environmentState",
          "value": "4"
        }
      ],
      "executionPolicy": {
        "concurrencyCount": 1,
        "queueDepthCount": 0
      },
      "schedules": [],
      "currentRelease": {
        "id": 12,
        "url": "https://vsrm.dev.azure.com/zlweicoder/07e4b1a0-b1cd-4d03-bc3e-770c1f26b4c0/_apis/Release/releases/12",
        "_links": {}
      },
      "retentionPolicy": {
        "daysToKeep": 30,
        "releasesToKeep": 3,
        "retainBuild": true
      },
      "processParameters": {},
      "properties": {
        "BoardsEnvironmentType": {
          "$type": "System.String",
          "$value": "unmapped"
        },
        "LinkBoardsWorkItems": {
          "$type": "System.String",
          "$value": "False"
        }
      },
      "preDeploymentGates": {
        "id": 0,
        "gatesOptions": null,
        "gates": []
      },
      "postDeploymentGates": {
        "id": 0,
        "gatesOptions": null,
        "gates": []
      },
      "environmentTriggers": [],
      "badgeUrl": ""
    },
    {
      "id": 5,
      "name": "PRD",
      "rank": 5,
      "owner": {
        "displayName": "$OwnerDisplayName$",
        "url": "",
        "_links": "{}",
        "id": "$OwnerId$",
        "uniqueName": "$OwnerUniqueName$",
        "imageUrl": "",
        "descriptor": ""
      },
      "variables": {
        "Stage": {
          "value": "prd"
        }
      },
      "variableGroups": [],
      "preDeployApprovals": {
        "approvals": [
          {
            "rank": 1,
            "isAutomated": false,
            "isNotificationOn": false,
            "approver": {
              "displayName": "vincent wei",
              "url": "https://spsprodeus27.vssps.visualstudio.com/A9fa6a827-d811-4b7e-8296-d82c70c40817/_apis/Identities/dee60ffd-33e6-4d80-9bf3-74b3fc813bef",
              "_links": {
                "avatar": {
                  "href": "https://dev.azure.com/zlweicoder/_apis/GraphProfile/MemberAvatars/msa.ZWFhMmM4NTMtOTczMi03OWE0LTljZmYtNjg4YWFiZTkxNDZj"
                }
              },
              "id": "dee60ffd-33e6-4d80-9bf3-74b3fc813bef",
              "uniqueName": "zlweicoder@outlook.com",
              "imageUrl": "https://dev.azure.com/zlweicoder/_apis/GraphProfile/MemberAvatars/msa.ZWFhMmM4NTMtOTczMi03OWE0LTljZmYtNjg4YWFiZTkxNDZj",
              "descriptor": "msa.ZWFhMmM4NTMtOTczMi03OWE0LTljZmYtNjg4YWFiZTkxNDZj"
            },
            "id": 17
          }
        ],
        "approvalOptions": {
          "requiredApproverCount": null,
          "releaseCreatorCanBeApprover": true,
          "autoTriggeredAndPreviousEnvironmentApprovedCanBeSkipped": false,
          "enforceIdentityRevalidation": false,
          "timeoutInMinutes": 0,
          "executionOrder": "beforeGates"
        }
      },
      "deployStep": {
        "id": 6
      },
      "postDeployApprovals": {
        "approvals": [
          {
            "rank": 1,
            "isAutomated": true,
            "isNotificationOn": false,
            "id": 15
          }
        ],
        "approvalOptions": {
          "requiredApproverCount": null,
          "releaseCreatorCanBeApprover": false,
          "autoTriggeredAndPreviousEnvironmentApprovedCanBeSkipped": false,
          "enforceIdentityRevalidation": false,
          "timeoutInMinutes": 0,
          "executionOrder": "afterSuccessfulGates"
        }
      },
      "deployPhases": [
        {
          "deploymentInput": {
            "parallelExecution": {
              "parallelExecutionType": "none"
            },
            "agentSpecification": {
              "identifier": "ubuntu latest"
            },
            "skipArtifactsDownload": false,
            "artifactsDownloadInput": {
              "downloadInputs": []
            },
            "queueId": "$Azure Pipelines$",
            "demands": [],
            "enableAccessToken": false,
            "timeoutInMinutes": 0,
            "jobCancelTimeoutInMinutes": 1,
            "condition": "succeeded()",
            "overrideInputs": {}
          },
          "rank": 1,
          "phaseType": "agentBasedDeployment",
          "name": "Agent job",
          "refName": null,
          "workflowTasks": [
            {
              "environment": {},
              "taskId": "a8515ec8-7254-4ffd-912c-86772e2b5962",
              "version": "5.*",
              "name": "Replace tokens in deployment.yaml",
              "refName": "",
              "enabled": true,
              "alwaysRun": false,
              "continueOnError": false,
              "timeoutInMinutes": 0,
              "retryCountOnTaskFailure": 0,
              "definitionType": "task",
              "overrideInputs": {},
              "condition": "succeeded()",
              "inputs": {
                "rootDirectory": "$(System.DefaultWorkingDirectory)/_django-blog-CI/drop",
                "targetFiles": "deployment.yaml",
                "encoding": "auto",
                "tokenPattern": "default",
                "tokenPrefix": "#{",
                "tokenSuffix": "}#",
                "writeBOM": "true",
                "escapeType": "auto",
                "escapeChar": "",
                "charsToEscape": "",
                "verbosity": "normal",
                "actionOnMissing": "warn",
                "keepToken": "true",
                "actionOnNoFiles": "continue",
                "enableTransforms": "false",
                "transformPrefix": "(",
                "transformSuffix": ")",
                "variableFiles": "",
                "inlineVariables": "",
                "variableSeparator": ".",
                "enableRecursion": "false",
                "useLegacyPattern": "false",
                "useLegacyEmptyFeature": "true",
                "useDefaultValue": "false",
                "emptyValue": "(empty)",
                "defaultValue": "",
                "enableTelemetry": "true"
              }
            },
            {
              "environment": {},
              "taskId": "6c731c3c-3c68-459a-a5c9-bde6e6595b5b",
              "version": "3.*",
              "name": "Print deployment.yaml",
              "refName": "",
              "enabled": true,
              "alwaysRun": false,
              "continueOnError": false,
              "timeoutInMinutes": 0,
              "retryCountOnTaskFailure": 0,
              "definitionType": "task",
              "overrideInputs": {},
              "condition": "succeeded()",
              "inputs": {
                "targetType": "inline",
                "filePath": "",
                "arguments": "",
                "script": "# Write your commands here\n\ncat deployment.yaml",
                "workingDirectory": "$(System.DefaultWorkingDirectory)/_django-blog-CI/drop",
                "failOnStderr": "false",
                "bashEnvValue": ""
              }
            },
            {
              "environment": {},
              "taskId": "dee316a2-586f-4def-be79-488a1f503dfe",
              "version": "1.*",
              "name": "Deploy PRD",
              "refName": "",
              "enabled": true,
              "alwaysRun": false,
              "continueOnError": false,
              "timeoutInMinutes": 0,
              "retryCountOnTaskFailure": 0,
              "definitionType": "task",
              "overrideInputs": {},
              "condition": "succeeded()",
              "inputs": {
                "action": "deploy",
                "connectionType": "kubernetesServiceConnection",
                "kubernetesServiceEndpoint": "",
                "azureSubscriptionEndpoint": "",
                "azureResourceGroup": "",
                "kubernetesCluster": "",
                "useClusterAdmin": "false",
                "namespace": "prd",
                "strategy": "none",
                "trafficSplitMethod": "pod",
                "percentage": "0",
                "baselineAndCanaryReplicas": "1",
                "manifests": "$(System.DefaultWorkingDirectory)/_django-blog-CI/drop/deployment.yaml",
                "containers": "",
                "imagePullSecrets": "",
                "renderType": "helm",
                "dockerComposeFile": "",
                "helmChart": "",
                "releaseName": "",
                "overrideFiles": "",
                "overrides": "",
                "kustomizationPath": "",
                "resourceToPatch": "file",
                "resourceFileToPatch": "",
                "kind": "",
                "name": "",
                "replicas": "",
                "mergeStrategy": "strategic",
                "arguments": "",
                "patch": "",
                "secretType": "dockerRegistry",
                "secretName": "",
                "secretArguments": "",
                "dockerRegistryEndpoint": "",
                "rolloutStatusTimeout": "0"
              }
            },
            {
              "environment": {},
              "taskId": "6c731c3c-3c68-459a-a5c9-bde6e6595b5b",
              "version": "3.*",
              "name": "PRD Automation Test",
              "refName": "",
              "enabled": true,
              "alwaysRun": false,
              "continueOnError": false,
              "timeoutInMinutes": 0,
              "retryCountOnTaskFailure": 0,
              "definitionType": "task",
              "overrideInputs": {},
              "condition": "succeeded()",
              "inputs": {
                "targetType": "inline",
                "filePath": "",
                "arguments": "",
                "script": "# Write your commands here\n\necho 'PRD Automation Test'\n",
                "workingDirectory": "",
                "failOnStderr": "false",
                "bashEnvValue": ""
              }
            }
          ]
        }
      ],
      "environmentOptions": {
        "emailNotificationType": "OnlyOnFailure",
        "emailRecipients": "release.environment.owner;release.creator",
        "skipArtifactsDownload": false,
        "timeoutInMinutes": 0,
        "enableAccessToken": false,
        "publishDeploymentStatus": true,
        "badgeEnabled": false,
        "autoLinkWorkItems": false,
        "pullRequestDeploymentEnabled": false
      },
      "demands": [],
      "conditions": [
        {
          "name": "Artifact Up to PRD",
          "conditionType": "environmentState",
          "value": "4"
        }
      ],
      "executionPolicy": {
        "concurrencyCount": 1,
        "queueDepthCount": 0
      },
      "schedules": [],
      "currentRelease": {
        "id": 12,
        "url": "https://vsrm.dev.azure.com/zlweicoder/07e4b1a0-b1cd-4d03-bc3e-770c1f26b4c0/_apis/Release/releases/12",
        "_links": {}
      },
      "retentionPolicy": {
        "daysToKeep": 30,
        "releasesToKeep": 3,
        "retainBuild": true
      },
      "processParameters": {},
      "properties": {
        "BoardsEnvironmentType": {
          "$type": "System.String",
          "$value": "unmapped"
        },
        "LinkBoardsWorkItems": {
          "$type": "System.String",
          "$value": "False"
        }
      },
      "preDeploymentGates": {
        "id": 0,
        "gatesOptions": null,
        "gates": []
      },
      "postDeploymentGates": {
        "id": 0,
        "gatesOptions": null,
        "gates": []
      },
      "environmentTriggers": [],
      "badgeUrl": ""
    },
    {
      "id": 6,
      "name": "Artifact Up to PRD",
      "rank": 4,
      "owner": {
        "displayName": "$OwnerDisplayName$",
        "url": "",
        "_links": "{}",
        "id": "$OwnerId$",
        "uniqueName": "$OwnerUniqueName$",
        "imageUrl": "",
        "descriptor": ""
      },
      "variables": {},
      "variableGroups": [],
      "preDeployApprovals": {
        "approvals": [
          {
            "rank": 1,
            "isAutomated": true,
            "isNotificationOn": false,
            "id": 18
          }
        ],
        "approvalOptions": {
          "requiredApproverCount": null,
          "releaseCreatorCanBeApprover": false,
          "autoTriggeredAndPreviousEnvironmentApprovedCanBeSkipped": false,
          "enforceIdentityRevalidation": false,
          "timeoutInMinutes": 0,
          "executionOrder": "beforeGates"
        }
      },
      "deployStep": {
        "id": 19
      },
      "postDeployApprovals": {
        "approvals": [
          {
            "rank": 1,
            "isAutomated": true,
            "isNotificationOn": false,
            "id": 20
          }
        ],
        "approvalOptions": {
          "requiredApproverCount": null,
          "releaseCreatorCanBeApprover": false,
          "autoTriggeredAndPreviousEnvironmentApprovedCanBeSkipped": false,
          "enforceIdentityRevalidation": false,
          "timeoutInMinutes": 0,
          "executionOrder": "afterSuccessfulGates"
        }
      },
      "deployPhases": [
        {
          "deploymentInput": {
            "parallelExecution": {
              "parallelExecutionType": "none"
            },
            "agentSpecification": {
              "identifier": "ubuntu-latest"
            },
            "skipArtifactsDownload": false,
            "artifactsDownloadInput": {
              "downloadInputs": []
            },
            "queueId": "$Azure Pipelines$",
            "demands": [],
            "enableAccessToken": false,
            "timeoutInMinutes": 0,
            "jobCancelTimeoutInMinutes": 1,
            "condition": "succeeded()",
            "overrideInputs": {}
          },
          "rank": 1,
          "phaseType": "agentBasedDeployment",
          "name": "Agent job",
          "refName": null,
          "workflowTasks": [
            {
              "environment": {},
              "taskId": "8e038650-f7bf-11e8-8a6c-8fff434b4eff",
              "version": "0.*",
              "name": "Install Docker 17.09.0-ce",
              "refName": "",
              "enabled": true,
              "alwaysRun": false,
              "continueOnError": false,
              "timeoutInMinutes": 0,
              "retryCountOnTaskFailure": 0,
              "definitionType": "task",
              "overrideInputs": {},
              "condition": "succeeded()",
              "inputs": {
                "dockerVersion": "17.09.0-ce",
                "releaseType": "stable"
              }
            },
            {
              "environment": {},
              "taskId": "6c731c3c-3c68-459a-a5c9-bde6e6595b5b",
              "version": "3.*",
              "name": "Docker Pull From UAT",
              "refName": "",
              "enabled": true,
              "alwaysRun": false,
              "continueOnError": false,
              "timeoutInMinutes": 0,
              "retryCountOnTaskFailure": 0,
              "definitionType": "task",
              "overrideInputs": {},
              "condition": "succeeded()",
              "inputs": {
                "targetType": "inline",
                "filePath": "",
                "arguments": "",
                "script": "docker pull zlweicoder/djangoblog-uat:$(Release.Artifacts._django-blog-CI.BuildNumber)",
                "workingDirectory": "",
                "failOnStderr": "false",
                "bashEnvValue": ""
              }
            },
            {
              "environment": {},
              "taskId": "6c731c3c-3c68-459a-a5c9-bde6e6595b5b",
              "version": "3.*",
              "name": "Docker Tag PRD",
              "refName": "",
              "enabled": true,
              "alwaysRun": false,
              "continueOnError": false,
              "timeoutInMinutes": 0,
              "retryCountOnTaskFailure": 0,
              "definitionType": "task",
              "overrideInputs": {},
              "condition": "succeeded()",
              "inputs": {
                "targetType": "inline",
                "filePath": "",
                "arguments": "",
                "script": "docker tag zlweicoder/djangoblog-uat:$(Release.Artifacts._django-blog-CI.BuildNumber) zlweicoder/djangoblog-prd:$(Release.Artifacts._django-blog-CI.BuildNumber)",
                "workingDirectory": "",
                "failOnStderr": "false",
                "bashEnvValue": ""
              }
            },
            {
              "environment": {},
              "taskId": "e28912f1-0114-4464-802a-a3a35437fd16",
              "version": "2.*",
              "name": "Docker Push to PRD",
              "refName": "",
              "enabled": true,
              "alwaysRun": false,
              "continueOnError": false,
              "timeoutInMinutes": 0,
              "retryCountOnTaskFailure": 0,
              "definitionType": "task",
              "overrideInputs": {},
              "condition": "succeeded()",
              "inputs": {
                "containerRegistry": "f8132f28-811d-4f46-8fd9-a18e84bdcb37",
                "repository": "zlweicoder/djangoblog-prd",
                "command": "push",
                "Dockerfile": "**/Dockerfile",
                "buildContext": "**",
                "tags": "$(Release.Artifacts._django-blog-CI.BuildNumber)",
                "arguments": "",
                "addPipelineData": "true",
                "addBaseImageData": "true",
                "container": ""
              }
            }
          ]
        }
      ],
      "environmentOptions": {
        "emailNotificationType": "OnlyOnFailure",
        "emailRecipients": "release.environment.owner;release.creator",
        "skipArtifactsDownload": false,
        "timeoutInMinutes": 0,
        "enableAccessToken": false,
        "publishDeploymentStatus": true,
        "badgeEnabled": false,
        "autoLinkWorkItems": false,
        "pullRequestDeploymentEnabled": false
      },
      "demands": [],
      "conditions": [
        {
          "name": "UAT",
          "conditionType": "environmentState",
          "value": "4"
        }
      ],
      "executionPolicy": {
        "concurrencyCount": 1,
        "queueDepthCount": 0
      },
      "schedules": [],
      "currentRelease": {
        "id": 12,
        "url": "https://vsrm.dev.azure.com/zlweicoder/07e4b1a0-b1cd-4d03-bc3e-770c1f26b4c0/_apis/Release/releases/12",
        "_links": {}
      },
      "retentionPolicy": {
        "daysToKeep": 30,
        "releasesToKeep": 3,
        "retainBuild": true
      },
      "processParameters": {},
      "properties": {
        "BoardsEnvironmentType": {
          "$type": "System.String",
          "$value": "unmapped"
        },
        "LinkBoardsWorkItems": {
          "$type": "System.String",
          "$value": "False"
        }
      },
      "preDeploymentGates": {
        "id": 0,
        "gatesOptions": null,
        "gates": []
      },
      "postDeploymentGates": {
        "id": 0,
        "gatesOptions": null,
        "gates": []
      },
      "environmentTriggers": [],
      "badgeUrl": ""
    }
  ],
  "artifacts": [
    {
      "sourceId": "$ProjectId$:$django-blog-CI-id$",
      "type": "Build",
      "alias": "_django-blog-CI",
      "definitionReference": {
        "artifactSourceDefinitionUrl": "{}",
        "defaultVersionBranch": {
          "id": "",
          "name": ""
        },
        "defaultVersionSpecific": {
          "id": "",
          "name": ""
        },
        "defaultVersionTags": {
          "id": "",
          "name": ""
        },
        "defaultVersionType": {
          "id": "latestType",
          "name": "Latest"
        },
        "definition": {
          "id": "$django-blog-CI-id$",
          "name": "django-blog-CI"
        },
        "definitions": {
          "id": "",
          "name": ""
        },
        "IsMultiDefinitionType": {
          "id": "False",
          "name": "False"
        },
        "project": {
          "id": "$ProjectId$",
          "name": "$ProjectName$"
        },
        "repository": {
          "id": "",
          "name": ""
        }
      },
      "isPrimary": true,
      "isRetained": false
    }
  ],
  "triggers": [
    {
      "artifactAlias": "_django-blog-CI",
      "triggerConditions": [],
      "triggerType": "artifactSource"
    }
  ],
  "releaseNameFormat": "Release-$(rev:r)",
  "tags": [],
  "properties": {
    "DefinitionCreationSource": {
      "$type": "System.String",
      "$value": "ReleaseNew"
    },
    "IntegrateBoardsWorkItems": {
      "$type": "System.String",
      "$value": "False"
    },
    "IntegrateJiraWorkItems": {
      "$type": "System.String",
      "$value": "false"
    }
  },
  "id": "",
  "name": "djangoblog-CD",
  "path": "\\",
  "projectReference": null,
  "url": "",
  "_links": "{}"
}