{
  "count": 1,
  "value": [
    {
      "id": 1014,
      "rev": 5,
      "fields": {
        "System.AreaPath": "DjangoBlog",
        "System.TeamProject": "DjangoBlog",
        "System.IterationPath": "$ProjectName$\\Hotfix",
        "System.WorkItemType": "Bug",
        "System.State": "Approved",
        "System.Reason": "Approved by the Product Owner",
        "System.CreatedDate": "2023-06-29T15:43:48.71Z",
        "System.CreatedBy": "vincent wei <zlweicoder@outlook.com>",
        "System.ChangedDate": "2023-07-10T02:10:46.007Z",
        "System.ChangedBy": "Microsoft.VisualStudio.Services.TFS <00000002-0000-8888-8000-000000000000@2c895908-04e0-4952-89fd-54b0046d6288>",
        "System.Title": "博客列表主页标题出现Test文字，需要紧急修复去掉Test文字",
        "Microsoft.VSTS.Scheduling.Effort": 0.0,
        "System.Description": null,
        "System.AssignedTo": null,
        "Microsoft.VSTS.Scheduling.RemainingWork": 0.0,
        "Microsoft.VSTS.Common.Priority": 2.0,
        "System.BoardLane": null,
        "System.Tags": null,
        "Microsoft.VSTS.TCM.Steps": null,
        "Microsoft.VSTS.TCM.Parameters": null,
        "Microsoft.VSTS.TCM.LocalDataSource": null,
        "Microsoft.VSTS.TCM.AutomationStatus": null,
        "System.History": null
      },
      "relations": null,
      "url": "https://dev.azure.com/zlweicoder/_apis/wit/workItems/1014"
    }
  ],
  "HttpStatusCode": 0,
  "Message": null
}