{
  "count": 1,
  "value": [
    {
      "id": 1016,
      "rev": 4,
      "fields": {
        "System.AreaPath": "DjangoBlog",
        "System.TeamProject": "DjangoBlog",
        "System.IterationPath": "$ProjectName$\\Sprint-0626-0723",
        "System.WorkItemType": "Feature",
        "System.State": "New",
        "System.Reason": "New feature",
        "System.CreatedDate": "2023-06-29T16:04:07.817Z",
        "System.CreatedBy": "vincent wei <zlweicoder@outlook.com>",
        "System.ChangedDate": "2023-07-10T02:10:51.7Z",
        "System.ChangedBy": "vincent wei <zlweicoder@outlook.com>",
        "System.Title": "完成博客主页Header的设计与实现",
        "Microsoft.VSTS.Scheduling.Effort": 0.0,
        "System.Description": null,
        "System.AssignedTo": null,
        "Microsoft.VSTS.Scheduling.RemainingWork": 0.0,
        "Microsoft.VSTS.Common.Priority": 2.0,
        "System.BoardLane": null,
        "System.Tags": null,
        "Microsoft.VSTS.TCM.Steps": null,
        "Microsoft.VSTS.TCM.Parameters": null,
        "Microsoft.VSTS.TCM.LocalDataSource": null,
        "Microsoft.VSTS.TCM.AutomationStatus": null,
        "System.History": null
      },
      "relations": null,
      "url": "https://dev.azure.com/zlweicoder/_apis/wit/workItems/1016"
    }
  ],
  "HttpStatusCode": 0,
  "Message": null
}