{
  "count": 1,
  "value": [
    {
      "id": 1015,
      "rev": 3,
      "fields": {
        "System.AreaPath": "DjangoBlog",
        "System.TeamProject": "DjangoBlog",
        "System.IterationPath": "$ProjectName$\\Sprint-0626-0709",
        "System.WorkItemType": "Product Backlog Item",
        "System.State": "New",
        "System.Reason": "New backlog item",
        "System.CreatedDate": "2023-06-29T15:50:44.557Z",
        "System.CreatedBy": "vincent wei <zlweicoder@outlook.com>",
        "System.ChangedDate": "2023-07-10T02:10:49.36Z",
        "System.ChangedBy": "Microsoft.VisualStudio.Services.TFS <00000002-0000-8888-8000-000000000000@2c895908-04e0-4952-89fd-54b0046d6288>",
        "System.Title": "Blog主页添加Admin后台链接",
        "Microsoft.VSTS.Scheduling.Effort": 0.0,
        "System.Description": null,
        "System.AssignedTo": null,
        "Microsoft.VSTS.Scheduling.RemainingWork": 0.0,
        "Microsoft.VSTS.Common.Priority": 2.0,
        "System.BoardLane": null,
        "System.Tags": null,
        "Microsoft.VSTS.TCM.Steps": null,
        "Microsoft.VSTS.TCM.Parameters": null,
        "Microsoft.VSTS.TCM.LocalDataSource": null,
        "Microsoft.VSTS.TCM.AutomationStatus": null,
        "System.History": null
      },
      "relations": null,
      "url": "https://dev.azure.com/zlweicoder/_apis/wit/workItems/1015"
    }
  ],
  "HttpStatusCode": 0,
  "Message": null
}