{
  "Extensions": [
    {
      "extensionName": "JMeter",
      "link": "<a href='https://marketplace.visualstudio.com/items?itemName=AlexandreGattiker.jmeter-tasks' target='_blank'><b>JMeter</b></a>",
      "publisherId": "AlexandreGattiker",
      "extensionId": "jmeter-tasks",
      "publisherName": "Alexandre Gattiker",
      "License": "<a href='https://marketplace.visualstudio.com/items?itemName=AlexandreGattiker.jmeter-tasks' target='_blank'>License Terms</a>"
    },
    {
      "extensionName": "ARM Outputs",
      "link": "<a href='https://marketplace.visualstudio.com/items?itemName=keesschollaart.arm-outputs' target='_blank'><b>ARM Outputs</b></a>",
      "publisherId": "keesschollaart",
      "extensionId": "arm-outputs",
      "publisherName": "Kees Schollaart",
      "License": "<a href='https://marketplace.visualstudio.com/items?itemName=keesschollaart.arm-outputs' target='_blank'>License Terms</a>"
    },
    {
      "extensionName": "Team Project Health",
      "link": "<a href='https://marketplace.visualstudio.com/items?itemName=ms-devlabs.TeamProjectHealth' target='_blank'><b>Team Project Health</b></a>",
      "publisherId": "ms-devlabs",
      "extensionId": "TeamProjectHealth",
      "publisherName": "Microsoft DevLabs",
      "License": "<a href='https://marketplace.visualstudio.com/items?itemName=ms-devlabs.TeamProjectHealth' target='_blank'>License Terms</a>"
    },
    {
      "extensionName": "Ansible",
      "link": "<a href='https://marketplace.visualstudio.com/items?itemName=ms-vscs-rm.vss-services-ansible' target='_blank'><b>Ansible</b></a>",
      "publisherId": "ms-vscs-rm",
      "extensionId": "vss-services-ansible",
      "publisherName": "Microsoft",
      "License": "<a href='https://marketplace.visualstudio.com/items?itemName=ms-vscs-rm.vss-services-ansible' target='_blank'>License Terms</a>"
    },
    {
      "extensionName": "Links Group",
      "link": "<a href='https://marketplace.visualstudio.com/items?itemName=ottostreifel.links-group' target='_blank'><b>Links Group</b></a>",
      "publisherId": "ottostreifel",
      "extensionId": "links-group",
      "publisherName": "Otto Streifel",
      "License": "<a href='https://marketplace.visualstudio.com/items?itemName=ottostreifel.links-group' target='_blank'>License Terms</a>"
    },
    {
      "extensionName": "Wiql Editor",
      "link": "<a href='https://marketplace.visualstudio.com/items?itemName=ottostreifel.wiql-editor' target='_blank'><b>Wiql Editor</b></a>",
      "publisherId": "ottostreifel",
      "extensionId": "wiql-editor",
      "publisherName": "Otto Streifel",
      "License": "<a href='https://marketplace.visualstudio.com/items?itemName=ottostreifel.wiql-editor' target='_blank'>License Terms</a>"
    },
    {
      "extensionName": "Replace Tokens",
      "link": "<a href='https://marketplace.visualstudio.com/items?itemName=qetza.replacetokens' target='_blank'><b>Replace Tokens</b></a>",
      "publisherId": "qetza",
      "extensionId": "replacetokens",
      "publisherName": "Guillaume Rouchon",
      "License": "<a href='https://marketplace.visualstudio.com/items?itemName=qetza.replacetokens' target='_blank'>License Terms</a>"
    },
    {
      "extensionName": "SonarCloud",
      "link": "<a href='https://marketplace.visualstudio.com/items?itemName=SonarSource.sonarcloud' target='_blank'><b>SonarCloud</b></a>",
      "publisherId": "SonarSource",
      "extensionId": "sonarcloud",
      "publisherName": "SonarSource",
      "License": "<a href='https://marketplace.visualstudio.com/items?itemName=SonarSource.sonarcloud' target='_blank'>License Terms</a>"
    },
    {
      "extensionName": "Kubernetes extension",
      "link": "<a href='https://marketplace.visualstudio.com/items?itemName=tsuyoshiushio.k8s-endpoint' target='_blank'><b>Kubernetes extension</b></a>",
      "publisherId": "tsuyoshiushio",
      "extensionId": "k8s-endpoint",
      "publisherName": "Tsuyoshi Ushio",
      "License": "<a href='https://marketplace.visualstudio.com/items?itemName=tsuyoshiushio.k8s-endpoint' target='_blank'>License Terms</a>"
    },
    {
      "extensionName": "HuaWei Extension",
      "link": "<a href='https://marketplace.visualstudio.com/items?itemName=vincentweitestpublisher.HuaWeiExtension-dev' target='_blank'><b>HuaWei Extension</b></a>",
      "publisherId": "vincentweitestpublisher",
      "extensionId": "HuaWeiExtension-dev",
      "publisherName": "vincentweitestpublisher",
      "License": "<a href='https://marketplace.visualstudio.com/items?itemName=vincentweitestpublisher.HuaWeiExtension-dev' target='_blank'>License Terms</a>"
    }
  ]
}